Original, German, French, English, Italian, Spanish, Greek
Achernar, Achenar, Acharnar, Achernar, Aquerne, Aquerne, Άχερναρ
Acubens, Acubens, Acubens, Acubens, Acubens, Acubens, Ακουμπένς
Achird, Achird, Achird, Achird, Achird, Achird, Άκυρντ
Adhafera, Adhafera, Adhafera, Adhafera, Adhafera, Adhafera, Αντχαφέρα
Adhara, Adhara, Adhara, Adhara, Adhara, Adhara, Άνταρα
Adhil, Adhil, Adhil, Adhil, Adhil, Adhil, Άντχιλ
Agena, Agena, Agena, Agena, Agena, Agena, Αζζάρ
Ahadi, Ahadi, Ahadi, Ahadi, Ahadi, Ahadi, Αχάντι
Ain, Ain, Ain, Ain, Ain, Áin, Άιν
Ainalrami, Ainalrami, Ainalrami, Ainalrami, Ainalrami, Áinalrami, Άιναλραμί
Aladfar, Aladfar, Aladfar, Aladfar, Aladfar, Aladfar, Άλαντφαρ
Alasia, Alasia, Alasia, Alasia, Alasia, Alasía, Άλασία
Alathfar, Alathfar, Alathfar, Alathfar, Alathfar, Alatfár, Άλαθφαρ
Albaldah, Albaldah, Albaldah, Albaldah, Albaldah, Albaldá, Άλμπαλντα
Albali, Albali, Albali, Albali, Albali, Albali, Άλμπαλι
Albereo, Albireo, Albireo, Albireo, Albireo, Albereo, Άλμπιρέο
Alchiba, Alchiba, Alchiba, Alchiba, Alchiba, Alchiba, Άλκιμπα
Alcor, Alkor, Alcor, Alcor, Alcor, Alcor, Άλκορ
Alcyone, Alkyone, Alcyone, Alcione, Alcíone, Alcíone, Άλκυονη
Aldebaran, Aldebaran, Aldébaran, Aldebaran, Aldebarán, Aldebarán, Άλδεβαράν
Alderamin, Alderamin, Alderamin, Alderamin, Alderamín, Alderamín, Άλντεραμίν
Aldhanab, Aldhanab, Aldhanab, Aldhanab, Aldhanab, Aldhanab, Άλντχανάμπ
Aldhibah, Aldhibah, Aldhibah, Aldhibah, Aldhibah, Aldhibá, Άλντχίμπα
Aldulfin, Aldulfin, Aldulfin, Aldulfin, Aldulfín, Aldulfín, Άλντουλφίν
Alfirk, Alfirk, Alfirk, Alfirk, Alfirk, Alfirk, Άλφιρκ
Algedi, Algedi, Algedi, Algedi, Algedi, Alguedí, Άλγεντι
Algenib, Algenib, Algenib, Algenib, Algenib, Algenib, Άλζενίμπ
Algieba, Algieba, Algieba, Algieba, Algeiba, Algiba, Άλγιέμπα
Algol, Algol, Algol, Algol, Algol, Algol, Άλγκολ
Algorab, Algorab, Algorab, Algorab, Algorab, Algorab, Άλγκοράμπ
Alhena, Alhena, Alhena, Alhena, Alhena, Alhena, Άλενα
Alioth, Alioth, Alioth, Alioth, Alioth, Alioth, Άλιοθ
Aljanah, Aljanah, Aljanah, Aljanah, Aljanah, Aljaná, Άλζανά
Alkaid, Alkaid, Alkaid, Alkaid, Alkaid, Alkaid, Άλκαΐντ
Alkalurops, Alkalurops, Alkalurops, Alkalurops, Alkalurops, Alcaluróps, Άλκαλούροψ
Alkaphrah, Alkaphrah, Alkaphrah, Alkaphrah, Alkaphrah, Alcáfra, Άλκαφρα
Alkarab, Alkarab, Alkarab, Alkarab, Alkarab, Alkarab, Άλκαράμπ
Alkes, Alkes, Alkes, Alkes, Alkes, Alkes, Άλκες
Almaaz, Almaaz, Almaaz, Almaaz, Almaaz, Almaaz, Άλμααζ
Almach, Almach, Almach, Almach, Almach, Almach, Άλμαχ
Alnair, Alnair, Alnair, Alnair, Alnair, Alnair, Άλνάιρ
Alnasl, Alnasl, Alnasl, Alnasl, Alnasl, Alnasl, Άλνασλ
Alnilam, Alnilam, Alnilam, Alnilam, Alnilam, Alnilam, Άλνιλάμ
Alnitak, Alnitak, Alnitak, Alnitak, Alnitak, Alnitak, Άλνιτάκ
Alniyat, Alniyat, Alniyat, Alniyat, Alniyat, Alniyat, Άλνιγιάτ
Alphard, Alphard, Alphard, Alphard, Alfaard, Alfaard, Άλφαρντ
Alphecca, Alphekka, Alphecca, Alfecca, Alfecca, Alfecca, Άλφεκα
Alpheratz, Alpheratz, Alpheratz, Alferatz, Alferatz, Alferatz, Άλφερατζ
Alpherg, Alpherg, Alpherg, Alferg, Alferg, Alferg, Άλφεργ
Alrakis, Alrakis, Alrakis, Alrakis, Alrakis, Alrakis, Άλρακις
Alruba, Alruba, Alruba, Alruba, Alruba, Alruba, Άλρουμπα
Alsafi, Alsafi, Alsafi, Alsafi, Alsafi, Alsafi, Άλσαφι
Alsciaukat, Alsciaukat, Alsciaukat, Alsciaukat, Alsciaukat, Alsciaukat, Άλσιαυκάτ
Alshain, Alshain, Alshain, Alshain, Alshain, Alshain, Άλσεϊν
Alshat, Alshat, Alshat, Alshat, Alshat, Alshat, Άλσατ
Altair, Altair, Altair, Altair, Altair, Altair, Άλτερ
Altais, Altais, Altais, Altais, Altais, Altais, Άλταϊς
Altaleban, Altaleb, Altaleban, Altaleban, Altaleban, Altalebán, Άλταλεμπάν
Alterf, Alterf, Alterf, Alterf, Alterf, Alterf, Άλτερφ
Aludra, Aludra, Aludra, Aludra, Aludra, Aludra, Άλουδρα
Alula Australis, Alula Australis, Alula Australis, Alula Australis, Alula Australis, Alula Australis, Άλουλα Αυστράλις
Alula Borealis, Alula Borealis, Alula Borealis, Alula Borealis, Alula Borealis, Alula Borealis, Άλουλα Βορεάλις
Alzirr, Alzirr, Alzirr, Alzirr, Alzirr, Alzirr, Άλζιρ
Amadioha, Amadioha, Amadioha, Amadioha, Amadioha, Amadioha, Αμαντιόχα
Ancha, Anka, Ancha, Ancha, Ancha, Ancha, Άνκα
Angetenar, Angetenar, Angetenar, Angetenar, Angetenar, Angetenar, Άντζετενάρ
Aniara, Aniara, Aniara, Aniara, Aniara, Aniara, Άνιαρα
Ankaa, Ankaa, Ankaa, Ankaa, Ankaa, Ankaa, Άνκα
Anser, Anser, Anser, Anser, Anser, Anser, Άνσερ
Antares, Antares, Antarès, Antares, Antares, Antares, Άνταρης
Antares B, Antares B, Antarès B, Antares B, Antares B, Antares B, Άνταρης Β
Arcalis, Arkalys, Arcalis, Arcalis, Arcalis, Arcalis, Άρκαλις
Arcturus, Arktur, Arcture, Arcturus, Arcturus, Arcturus, Άρκτουρος
Arkab Posterior, Arkab Posterior, Arkab Postérieur, Arkab Posteriore, Arkab Posterior, Arkab Posterior, Άρκαμ Πόστεριορ
Arkab Prior, Arkab Prior, Arkab Prior, Arkab Prior, Arkab Prior, Arkab Prior, Άρκαμ Πράιορ
Arneb, Arneb, Arneb, Arneb, Arneb, Arneb, Άρνεμπ
Ascella, Ascella, Ascella, Ascella, Ascella, Ascella, Άσελλα
Asellus Australis, Asellus Australis, Asellus Australis, Asellus Australis, Asellus Australis, Asellus Australis, Άσελλους Αυστράλις
Asellus Borealis, Asellus Borealis, Asellus Borealis, Asellus Borealis, Asellus Borealis, Asellus Borealis, Άσελλους Βορεάλις
Ashlesha, Ashlesha, Ashlesha, Ashlesha, Ashlesha, Ashlesha, Άσλεσα
Aspidiske, Aspidiske, Aspidiske, Aspidiske, Aspidiske, Aspidiske, Άσπιδίσκη
Asterope, Astérope, Asterope, Asterope, Asterope, Asterope, Αστερόπη
Athebyne, Athebyne, Athebyne, Athebyne, Athebyne, Athebyne, Αθέμπιν
Atik, Atik, Atik, Atik, Atik, Atik, Άτικ
Atlas, Atlas, Atlas, Atlante, Atlas, Atlas, Άτλας
Atria, Atria, Atria, Atria, Atria, Atria, Άτρια
Avior, Avior, Avior, Avior, Avior, Avior, Άβιορ
Axolotl, Axolotl, Axolotl, Axolotl, Axolotl, Axolotl, Άξολότλ
Ayeyarwady, Ayeyarwady, Ayeyarwady, Ayeyarwady, Ayeyarwady, Ayeyarwady, Αγιαρβάντι
Azelfafage, Azelfafage, Azelfafage, Azelfafage, Azelfafage, Azelfafage, Αζελφαφάγε
Azha, Azha, Azha, Azha, Azha, Azha, Άζα
Azmidi, Azmidi, Azmidi, Azmidi, Azmidi, Azmidi, Αζμίντι
Babcock's Star, Stern von Babcock, Étoile de Babcock, Babcock's Star, Estrella de Babcock, Estrella de Babcock, Άστρο του Μπάμπκοκ
Baekdu, Baekdu, Baekdu, Baekdu, Baekdu, Baekdu, Πέικτου
Barnard's Star, Barnards Stern, Étoile de Barnard, Barnard's Star, Estrella de Barnard, Estrella de Barnard, Άστρο του Μπάρναρντ
Baten Kaitos, Baten Kaitos, Baten Kaitos, Baten Kaitos, Baten Kaitos, Baten Kaitos, Μπάτεν Κάιτος
Beemim, Beemim, Beemim, Beemim, Beemim, Beemim, Μπέεμιμ
Beid, Beid, Beid, Beid, Beid, Beid, Μπεΐντ
Belel, Belel, Belel, Belel, Belel, Belel, Μπελέλ
Bellatrix, Bellatrix, Bellatrix, Bellatrix, Bellatrix, Bellatrix, Μπέλλατριξ
Betelgeuse, Beteigeuze, Bételgeuse, Betelgeuse, Betelgeuse, Betelgeuse, Μπητελγκόζ
Bharani, Bharani, Bharani, Bharani, Bharani, Bharani, Μπαράνι
Bibha, Bibha, Bibha, Bibha, Bibha, Bibha, Μπίμπα
Bidelman's Star, Bidelmans Stern, Étoile de Bidelman, Bidelman's Star, Estrella de Bidelman, Estrella de Bidelman, Άστρο του Μπίντελμαν
Biham, Biham, Biham, Biham, Biham, Biham, Μπίχαμ
Bosona, Bosona, Bosona, Bosona, Bosona, Bosona, Μποσόνα
Botein, Botein, Botein, Botein, Botein, Botein, Μποτέιν
Brachium, Brachium, Brachium, Brachium, Brachium, Brachium, Μπράκιουμ
Bubup, Bubup, Bubup, Bubup, Bubup, Bubup, Μπούμπουπ
Buna, Buna, Buna, Buna, Buna, Buna, Μπούνα
Bunda, Bunda, Bunda, Bunda, Bunda, Bunda, Μπούντα
Canopus, Canopus, Canopus, Canopo, Canopo, Canopo, Κάνωπος
Capella, Capella, Capella, Capella, Capella, Capella, Καπέλλα
Caph, Caph, Caph, Caph, Caph, Caph, Κάφ
Cassilda, Cassilda, Cassilda, Cassilda, Cassilda, Cassilda, Κασίλντα
Castor, Castor, Castor, Castore, Cástor, Cástor, Κάστορ
Castor A, Castor A, Castor A, Castore A, Cástor A, Cástor A, Κάστορ Α
Castula, Castula, Castula, Castula, Castula, Castula, Κάστουλα
Cebalrai, Cebalrai, Cebalrai, Cebalrai, Cebalrai, Cebalrai, Κεμπαλράι
Celaeno, Célaéno, Celaeno, Celaeno, Celaeno, Celaeno, Κελαίνω
Cervantes, Cervantes, Cervantes, Cervantes, Cervantes, Cervantes, Θερβάντες
Chalawan, Chalawan, Chalawan, Chalawan, Chalawan, Chalawan, Τσάλαουαν
Chamukuy, Chamukuy, Chamukuy, Chamukuy, Chamukuy, Chamukuy, Τσαμουκούι
Chara, Chara, Chara, Chara, Chara, Chara, Χάρα
Chechia, Chechia, Chechia, Chechia, Chechia, Chechia, Τσέτσια
Chertan, Chertan, Chertan, Chertan, Chertan, Chertan, Τσέρταν
Chow, Chow, Chow, Chow, Chow, Chow, Τσάου
Citadelle, Citadelle, Citadelle, Citadelle, Citadelle, Citadelle, Σιταντέλ
Citala, Citala, Citala, Citala, Citala, Citala, Σίταλα
Cocibolca, Cocibolca, Cocibolca, Cocibolca, Cocibolca, Cocibolca, Κοκίμπολκα
Copernicus, Kopernikus, Copernic, Copernicus, Copérnico, Copérnico, Κοπέρνικος
Cor Caroli, Cor Caroli, Cor Caroli, Cor Caroli, Cor Caroli, Cor Caroli, Κόρ Καρόλι
Cujam, Cujam, Cujam, Cujam, Cujam, Cujam, Κουτζάμ
Cursa, Cursa, Cursa, Cursa, Cursa, Cursa, Κούρσα
Dabih Major, Dabih Major, Dabih Major, Dabih Major, Dabih Major, Dabih Major, Ντάμπιχ Μέιτζορ
Dabih Minor, Dabih Minor, Dabih Minor, Dabih Minor, Dabih Minor, Dabih Minor, Ντάμπιχ Μάινορ
Dalim, Dalim, Dalim, Dalim, Dalim, Dalim, Ντάλιμ
Deneb, Deneb, Deneb, Deneb, Deneb, Deneb, Ντενέμπ
Deneb Algedi, Deneb Algedi, Deneb Algedi, Deneb Algedi, Deneb Algedi, Deneb Algedi, Ντενέμπ Αλγέντι
Denebola, Denebola, Denebola, Denebola, Denebola, Denebola, Ντενέμπολα
Diadem, Diadem, Diadem, Diadem, Diadem, Diadem, Ντιάντεμ
Dingolay, Dingolay, Dingolay, Dingolay, Dingolay, Dingolay, Ντίνγκολαϊ
Diphda, Diphda, Diphda, Difda, Diphda, Difda, Ντίφντα
Dofida, Dofida, Dofida, Dofida, Dofida, Dofida, Ντόφιντα
Dschubba, Dschubba, Dschubba, Dschubba, Dschubba, Dschubba, Τσούμπα
Dubhe, Dubhe, Dubhe, Dubhe, Dubhe, Dubhe, Ντούμπι
Dziban, Dziban, Dziban, Dziban, Dziban, Dziban, Τζίμπαν
Edasich, Edasich, Edasich, Edasich, Edasich, Edasich, Έντασιχ
Electra, Electra, Electra, Elettra, Electra, Elettra, Ηλέκτρα
Elgafar, Elgafar, Elgafar, Elgafar, Elgafar, Elgafar, Έλγκαφαρ
Elkurud, Elkurud, Elkurud, Elkurud, Elkurud, Elkurud, Έλκουρουντ
Elnath, Elnath, Elnath, Elnath, Elnath, Elnath, Έλναθ
Eltanin, Eltanin, Eltanin, Eltanin, Eltanin, Eltanin, Ελτάνιν
Emiw, Emiw, Emiw, Emiw, Emiw, Emiw, Έμιβ
Enif, Enif, Enif, Enif, Enif, Enif, Ένιφ
Erakis, Erakis, Erakis, Erakis, Erakis, Erakis, Έρακις
Errai, Errai, Errai, Errai, Errai, Errai, Έρραϊ
Fafnir, Fafnir, Fafnir, Fafnir, Fafnir, Fafnir, Φάφνιρ
Fang, Fang, Fang, Fang, Fang, Fang, Φανγκ
Fawaris, Fawaris, Fawaris, Fawaris, Fawaris, Fawaris, Φαουάρις
Felis, Felis, Felis, Felis, Felis, Felis, Φέλις
Fomalhaut, Fomalhaut, Fomalhaut, Fomalhaut, Fomalhaut, Fomalhaut, Φομαλό
Fomalhaut B, Fomalhaut B, Fomalhaut B, Fomalhaut B, Fomalhaut B, Fomalhaut B, Φομαλό Β
Formosa, Formosa, Formosa, Formosa, Formosa, Formosa, Φόρμοσα
Fulu, Fulu, Fulu, Fulu, Fulu, Fulu, Φούλου
Fumalsamakah, Fumalsamakah, Fumalsamakah, Fumalsamakah, Fumalsamakah, Fumalsamakah, Φουμαλσαμακάχ
Furud, Furud, Furud, Furud, Furud, Furud, Φούρουντ
Fuyue, Fuyue, Fuyue, Fuyue, Fuyue, Fuyue, Φουγιούε
Gacrux, Gacrux, Gacrux, Gacrux, Gacrux, Gacrux, Γκακρουξ
Gakyid, Gakyid, Gakyid, Gakyid, Gakyid, Gakyid, Γκάκιντ
Giausar, Giausar, Giausar, Giausar, Giausar, Giausar, Γιαουσάρ
Gienah, Gienah, Gienah, Gienah, Gienah, Gienah, Γκιένα
Ginan, Ginan, Ginan, Ginan, Ginan, Ginan, Γκινάν
Gomeisa, Gomeisa, Gomeisa, Gomeisa, Gomeisa, Gomeisa, Γκομέιζα
Gore's Nova, Gores Nova, Gore's Nova, Gore's Nova, Gore's Nova, Gore's Nova, Γκορ Νόβα
Gorgonea Quarta, Gorgonea Quarta, Gorgonea Quarta, Gorgonea Quarta, Gorgonea Quarta, Gorgonea Quarta, Γκοργκονέα Κουάρτα
Gorgonea Tertia, Gorgonea Tertia, Gorgonea Tertia, Gorgonea Tertia, Gorgonea Tertia, Gorgonea Tertia, Γκοργκονέα Τέρτια
Grumium, Grumium, Grumium, Grumium, Grumium, Grumium, Γκρούμιουμ
Gudja, Gudja, Gudja, Gudja, Gudja, Gudja, Γκούντζα
Gumala, Gumala, Gumala, Gumala, Gumala, Gumala, Γκουμάλα
Hadir, Hadir, Hadir, Hadir, Hadir, Hadir, Χαντίρ
Haedus, Haedus, Haedus, Haedus, Haedus, Haedus, Χαέντους
Hamal, Hamal, Hamal, Hamal, Hamal, Hamal, Χαμάλ
Hassaleh, Hassaleh, Hassaleh, Hassaleh, Hassaleh, Hassaleh, Χασσαλέ
Hatysa, Hatysa, Hatysa, Hatysa, Hatysa, Hatysa, Χατίσα
Heka, Heka, Heka, Heka, Heka, Heka, Χέκα
Helvetios, Helvetios, Helvetios, Helvetios, Helvetios, Helvetios, Ελβέτιος
Heze, Heze, Heze, Heze, Heze, Heze, Χέζε
Hind's Star, Hinds Stern, Étoile de Hind, Hind's Star, Estrella de Hind, Estrella de Hind, Άστρο του Χιντ
Hoggar, Hoggar, Hoggar, Hoggar, Hoggar, Hoggar, Χόγκαρ
Homam, Homam, Homam, Homam, Homam, Homam, Χόμαμ
Hunahpu, Hunahpu, Hunahpu, Hunahpu, Hunahpu, Hunahpu, Χουνάχπου
Hunor, Hunor, Hunor, Hunor, Hunor, Hunor, Χούνορ
Iklil, Iklil, Iklil, Iklil, Iklil, Iklil, Ικλίλ
Illyrian, Illyrian, Illyrian, Illyrian, Illyrian, Illyrian, Ιλλύριαν
Imai, Imai, Imai, Imai, Imai, Imai, Ιμάι
Inquill, Inquill, Inquill, Inquill, Inquill, Inquill, Ινκουίλ
Intercrus, Intercrus, Intercrus, Intercrus, Intercrus, Intercrus, Ίντερκρας
Itonda, Itonda, Itonda, Itonda, Itonda, Itonda, Ίτοντα
Izar, Izar, Izar, Izar, Izar, Izar, Ίζαρ
Jabbah, Jabbah, Jabbah, Jabbah, Jabbah, Jabbah, Τζαμπά
Jishui, Jishui, Jishui, Jishui, Jishui, Jishui, Τζίσχουι
Kaffaljidhma, Kaffaljidhma, Kaffaljidhma, Kaffaljidhma, Kaffaljidhma, Kaffaljidhma, Καφαλζίντμα
Kalausi, Kalausi, Kalausi, Kalausi, Kalausi, Kalausi, Καλάουσι
Kamuy, Kamuy, Kamuy, Kamuy, Kamuy, Kamuy, Καμούι
Kang, Kang, Kang, Kang, Kang, Kang, Κανγκ
Kapteyn's Star, Kapteyns Stern, Étoile de Kapteyn, Kapteyn's Star, Estrella de Kapteyn, Estrella de Kapteyn, Άστρο του Κάπτειν
Karaka, Karaka, Karaka, Karaka, Karaka, Karaka, Καράκα
Kaus Australis, Kaus Australis, Kaus Australis, Kaus Australis, Kaus Australis, Kaus Australis, Καους Αυστραλίς
Kaus Borealis, Kaus Borealis, Kaus Borealis, Kaus Borealis, Kaus Borealis, Kaus Borealis, Καους Βορεάλις
Kaus Media, Kaus Media, Kaus Media, Kaus Media, Kaus Media, Kaus Media, Καους Μίντια
Kaveh, Kaveh, Kaveh, Kaveh, Kaveh, Kaveh, Καβέ
Keid, Keid, Keid, Keid, Keid, Keid, Κεϊντ
Khambalia, Khambalia, Khambalia, Khambalia, Khambalia, Khambalia, Χαμπάλια
Kitalpha, Kitalpha, Kitalpha, Kitalpha, Kitalpha, Kitalpha, Κιτάλφα
Kochab, Kochab, Kochab, Kochab, Kochab, Kochab, Κόχαμπ
Kornephoros, Kornephoros, Kornephoros, Kornephoros, Kornephoros, Kornephoros, Κορνεφόρος
Kraz, Kraz, Kraz, Kraz, Kraz, Kraz, Κραζ
Kurhah, Kurhah, Kurhah, Kurhah, Kurhah, Kurhah, Κουρχάχ
La Superba, La Superba, La Superba, La Superba, La Superba, La Superba, Λα Σουπέρμπα
Lacaille, Lacaille, Lacaille, Lacaille, Lacaille, Lacaille, Λακάγι
Lacaille, Lacaille, Lacaille, Lacaille, Lacaille, Lacaille, Λακάγι
Larawag, Larawag, Larawag, Larawag, Larawag, Larawag, Λαραβάγκ
Lesath, Lesath, Lesath, Lesath, Lesath, Lesath, Λίσαθ
Libertas, Libertas, Libertas, Libertas, Libertas, Libertas, Λίμπερτας
Liesma, Liesma, Liesma, Liesma, Liesma, Liesma, Λιέσμα
Lilii Borea, Lilii Borea, Lilii Borea, Lilii Borea, Lilii Borea, Lilii Borea, Λίλιι Μπορέα
Lionrock, Lionrock, Lionrock, Lionrock, Lionrock, Lionrock, Λάιονροκ
Lucilinburhuc, Lucilinburhuc, Lucilinburhuc, Lucilinburhuc, Lucilinburhuc, Lucilinburhuc, Λουκιλινμπούρχουκ
Maasym, Maasym, Maasym, Maasym, Maasym, Maasym, Μάασυμ
Macondo, Macondo, Macondo, Macondo, Macondo, Macondo, Μακόντο
Mago, Mago, Mago, Mago, Mago, Mago, Μάγκο
Mahasim, Mahasim, Mahasim, Mahasim, Mahasim, Mahasim, Μαχάσιμ
Mahsati, Mahsati, Mahsati, Mahsati, Mahsati, Mahsati, Μαχσάτι
Maia, Maia, Maia, Maia, Maia, Maia, Μαῖα
Marfik, Marfik, Marfik, Marfik, Marfik, Marfik, Μαρφίκ
Markab, Markab, Markab, Markab, Markab, Markab, Μάρκαμπ
Matar, Matar, Matar, Matar, Matar, Matar, Ματάρ
Mebsuta, Mebsuta, Mebsuta, Mebsuta, Mebsuta, Mebsuta, Μεμπσούτα
Megrez, Megrez, Megrez, Megrez, Megrez, Megrez, Μεγκρεζ
Mekbuda, Mekbuda, Mekbuda, Mekbuda, Mekbuda, Mekbuda, Μεκμπούντα
Meleph, Meleph, Meleph, Meleph, Meleph, Meleph, Μελέφ
Menkalinan, Menkalinan, Menkalinan, Menkalinan, Menkalinan, Menkalinan, Μενκαλίναν
Menkar, Menkar, Menkar, Menkar, Menkar, Menkar, Μένκαρ
Menkent, Menkent, Menkent, Menkent, Menkent, Menkent, Μένκεντ
Menkhib, Menkhib, Menkhib, Menkhib, Menkhib, Menkhib, Μένκιμπ
Merak, Merak, Merak, Merak, Merak, Merak, Μέρακ
Merga, Merga, Merga, Merga, Merga, Merga, Μέργκα
Meridiana, Meridiana, Meridiana, Meridiana, Meridiana, Meridiana, Μεριντιάνα
Merope, Merope, Merope, Merope, Merope, Merope, Μερόπη
Miaplacidus, Miaplacidus, Miaplacidus, Miaplacidus, Miaplacidus, Miaplacidus, Μιαπλακίδους
Mimosa, Mimosa, Mimosa, Mimosa, Mimosa, Mimosa, Μίμοσα
Minchir, Minchir, Minchir, Minchir, Minchir, Minchir, Μίνκιρ
Minelauva, Minelauva, Minelauva, Minelauva, Minelauva, Minelauva, Μινελάουβα
Minkar, Minkar, Minkar, Minkar, Minkar, Minkar, Μίνκαρ
Mintaka, Mintaka, Mintaka, Mintaka, Mintaka, Mintaka, Μίντακα
Mira, Mira, Mira, Mira, Mira, Mira, Μίρα
Mirach, Mirach, Mirach, Mirach, Mirach, Mirach, Μίραχ
Miram, Miram, Miram, Miram, Miram, Miram, Μίραμ
Mirfak, Mirfak, Mirfak, Mirfak, Mirfak, Mirfak, Μίρφακ
Mirzam, Mirzam, Mirzam, Mirzam, Mirzam, Mirzam, Μίρζαμ
Misam, Misam, Misam, Misam, Misam, Misam, Μίσαμ
Mizar A, Mizar A, Mizar A, Mizar A, Mizar A, Mizar A, Μίζαρ Α
Mizar B, Mizar B, Mizar B, Mizar B, Mizar B, Mizar B, Μίζαρ Β
Moai, Moai, Moai, Moai, Moai, Moai, Μοάι
Monch, Monch, Monch, Monch, Monch, Monch, Μονχ
Mothallah, Mothallah, Mothallah, Mothallah, Mothallah, Mothallah, Μοθαλάχ
Mouhoun, Mouhoun, Mouhoun, Mouhoun, Mouhoun, Mouhoun, Μουχούν
Muliphein, Muliphein, Muliphein, Muliphein, Muliphein, Muliphein, Μουλίφεϊν
Muphrid, Muphrid, Muphrid, Muphrid, Muphrid, Muphrid, Μουφρίντ
Muscida, Muscida, Muscida, Muscida, Muscida, Muscida, Μούσκιντα
Musica, Musica, Musica, Musica, Musica, Musica, Μούσικα
Nahn, Nahn, Nahn, Nahn, Nahn, Nahn, Ναν
Naos, Naos, Naos, Naos, Naos, Naos, Νάος
Nashira, Nashira, Nashira, Nashira, Nashira, Nashira, Νασίρα
Nasti, Nasti, Nasti, Nasti, Nasti, Nasti, Ναστί
Natasha, Natasha, Natasha, Natasha, Natasha, Natasha, Νατάσα
Nekkar, Nekkar, Nekkar, Nekkar, Nekkar, Nekkar, Νέκκαρ
Nembus, Nembus, Nembus, Nembus, Nembus, Nembus, Νέμπους
Nenque, Nenque, Nenque, Nenque, Nenque, Nenque, Νενκ
Nervia, Nervia, Nervia, Nervia, Nervia, Nervia, Νερβία
Nihal, Nihal, Nihal, Nihal, Nihal, Nihal, Νιχάλ
Nosaxa, Nosaxa, Nosaxa, Nosaxa, Nosaxa, Nosaxa, Νοσάξα
Nunki, Nunki, Nunki, Nunki, Nunki, Nunki, Νούνκι
Nusakan, Nusakan, Nusakan, Nusakan, Nusakan, Nusakan, Νουσακάν
Nushagak, Nushagak, Nushagak, Nushagak, Nushagak, Nushagak, Νουσαγκάκ
Ogma, Ogma, Ogma, Ogma, Ogma, Ogma, Ογκμά
Okab, Okab, Okab, Okab, Okab, Okab, Οκάμπ
Paikauhale, Paikauhale, Paikauhale, Paikauhale, Paikauhale, Paikauhale, Παϊκαουχάλε
Peacock, Peacock, Peacock, Peacock, Peacock, Peacock, Πίκοκ
Perky, Perky, Perky, Perky, Perky, Perky, Περκί
Phact, Phact, Phact, Phact, Phact, Phact, Φάκτ
Phecda, Phecda, Phecda, Phecda, Phecda, Phecda, Φέκντα
Pherkad, Pherkad, Pherkad, Pherkad, Pherkad, Pherkad, Φέρκαντ
Pherkad Minor, Pherkad Minor, Pherkad Minor, Pherkad Minor, Pherkad Minor, Pherkad Minor, Φέρκαντ Μάινορ
Phoenicia, Phoenicia, Phoenicia, Phoenicia, Phoenicia, Phoenicia, Φοινίκια
Piautos, Piautos, Piautos, Piautos, Piautos, Piautos, Πιαύτος
Pipirima, Pipirima, Pipirima, Pipirima, Pipirima, Pipirima, Πιπίριμα
Plaskett Star, Plaskett Star, Plaskett Star, Plaskett Star, Plaskett Star, Plaskett Star, Πλάσκετ Σταρ
Pleione, Pleione, Pleione, Pleione, Pleione, Pleione, Πλειόνη
Poerava, Poerava, Poerava, Poerava, Poerava, Poerava, Ποεράβα
Polaris, Polaris, Polaris, Polaris, Polaris, Polaris, Πόλαρις
Polaris Australis, Polaris Australis, Polaris Australis, Polaris Australis, Polaris Australis, Polaris Australis, Πόλαρις Αυστραλίς
Polis, Polis, Polis, Polis, Polis, Polis, Πόλις
Pollux, Pollux, Pollux, Pollux, Pollux, Pollux, Πολυδεύκης
Porrima, Porrima, Porrima, Porrima, Porrima, Porrima, Πόρριμα
Praecipua, Praecipua, Praecipua, Praecipua, Praecipua, Praecipua, Πραικίπουα
Preston's Star, Preston's Star, Preston's Star, Preston's Star, Preston's Star, Preston's Star, Πρέστον Σταρ
Prima Giedi, Prima Giedi, Prima Giedi, Prima Giedi, Prima Giedi, Prima Giedi, Πρίμα Γιέντι
Prima Hyadum, Prima Hyadum, Prima Hyadum, Prima Hyadum, Prima Hyadum, Prima Hyadum, Πρίμα Χιάδουμ
Procyon, Procyon, Procyon, Procyon, Procyon, Procyon, Προκύων
Propus, Propus, Propus, Propus, Propus, Propus, Πρόπους
Przybylski's Star, Przybylski's Star, Przybylski's Star, Przybylski's Star, Przybylski's Star, Przybylski's Star, Πρζίμπιλσκις Σταρ
Ran, Ran, Ran, Ran, Ran, Ran, Ραν
Rana, Rana, Rana, Rana, Rana, Rana, Ράνα
Rapeto, Rapeto, Rapeto, Rapeto, Rapeto, Rapeto, Ραπέτο
Rasalas, Rasalas, Rasalas, Rasalas, Rasalas, Rasalas, Ρασαλας
Rasalgethi, Rasalgethi, Rasalgethi, Rasalgethi, Rasalgethi, Rasalgethi, Ρασαλγέθι
Rasalhague, Rasalhague, Rasalhague, Rasalhague, Rasalhague, Rasalhague, Ρασαλάγου
Rastaban, Rastaban, Rastaban, Rastaban, Rastaban, Rastaban, Ρασταμπάν
Regor, Regor, Regor, Regor, Regor, Regor, Ρέγκορ
Regulus, Regulus, Regulus, Regulus, Regulus, Regulus, Ρήγουλους
Revati, Revati, Revati, Revati, Revati, Revati, Ρεβάτι
Rigel, Rigel, Rigel, Rigel, Rigel, Rigel, Ριγκέλ
Rigel Kentaurus, Rigel Kentaurus, Rigel Kentaurus, Rigel Kentaurus, Rigel Kentaurus, Rigel Kentaurus, Ριγκέλ Κενταυρούς
Rosaliadecastro, Rosaliadecastro, Rosaliadecastro, Rosaliadecastro, Rosaliadecastro, Rosaliadecastro, Ροσαλίαντεκάστρο
Rotanev, Rotanev, Rotanev, Rotanev, Rotanev, Rotanev, Ροτάνεβ
Ruchbah, Ruchbah, Ruchbah, Ruchbah, Ruchbah, Ruchbah, Ρούχμπα
Rukbat, Rukbat, Rukbat, Rukbat, Rukbat, Rukbat, Ρουκμπατ
Sabik, Sabik, Sabik, Sabik, Sabik, Sabik, Σαμπίκ
Saclateni, Saclateni, Saclateni, Saclateni, Saclateni, Saclateni, Σακλατένι
Sadachbia, Sadachbia, Sadachbia, Sadachbia, Sadachbia, Sadachbia, Σαντακμπία
Sadalbari, Sadalbari, Sadalbari, Sadalbari, Sadalbari, Sadalbari, Σανταλμπάρι
Sadalmelik, Sadalmelik, Sadalmelik, Sadalmelik, Sadalmelik, Sadalmelik, Σανταλμελίκ
Sadalsuud, Sadalsuud, Sadalsuud, Sadalsuud, Sadalsuud, Sadalsuud, Σανταλσούντ
Sadr, Sadr, Sadr, Sadr, Sadr, Sadr, Σάντρ
Sagarmatha, Sagarmatha, Sagarmatha, Sagarmatha, Sagarmatha, Sagarmatha, Σαγκαρμάτα
Saiph, Saiph, Saiph, Saiph, Saiph, Saiph, Σαΐφ
Salm, Salm, Salm, Salm, Salm, Salm, Σαλμ
Samaya, Samaya, Samaya, Samaya, Samaya, Samaya, Σαμάγια
Sargas, Sargas, Sargas, Sargas, Sargas, Sargas, Σάργκας
Sarin, Sarin, Sarin, Sarin, Sarin, Sarin, Σαρίν
Sceptrum, Sceptrum, Sceptrum, Sceptrum, Sceptrum, Sceptrum, Σκέπτρο
Scheat, Scheat, Scheat, Scheat, Scheat, Scheat, Σκιάτ
Schedar, Schedar, Schedar, Schedar, Schedar, Schedar, Σκένταρ
Schmidt's Nova Cygni, Schmidt's Nova Cygni, Schmidt's Nova Cygni, Schmidt's Nova Cygni, Schmidt's Nova Cygni, Schmidt's Nova Cygni, Σμιντς Νόβα Κύγκνι
Secunda Hyadum, Secunda Hyadum, Secunda Hyadum, Secunda Hyadum, Secunda Hyadum, Secunda Hyadum, Σεκούντα Χιάδουμ
Segin, Segin, Segin, Segin, Segin, Segin, Σεγκίν
Seginus, Seginus, Seginus, Seginus, Seginus, Seginus, Σεγκίνους
Sham, Sham, Sham, Sham, Sham, Sham, Σαμ
Shaula, Shaula, Shaula, Shaula, Shaula, Shaula, Σάουλα
Sheliak, Sheliak, Sheliak, Sheliak, Sheliak, Sheliak, Σέλιακ
Sheratan, Sheratan, Sheratan, Sheratan, Sheratan, Sheratan, Σερατάν
Sika, Sika, Sika, Sika, Sika, Sika, Σίκα
Sirius, Sirius, Sirius, Sirius, Sirius, Sirius, Σείριος
Situla, Situla, Situla, Situla, Situla, Situla, Σίτουλα
Skat, Skat, Skat, Skat, Skat, Skat, Σκατ
Spica, Spica, Spica, Spica, Spica, Spica, Σπίκα
Stella Ludoviciana, Stella Ludoviciana, Stella Ludoviciana, Stella Ludoviciana, Stella Ludoviciana, Stella Ludoviciana, Στέλα Λουντοβικιάνα
Stribor, Stribor, Stribor, Stribor, Stribor, Stribor, Στρίμπορ
Sualocin, Sualocin, Sualocin, Sualocin, Sualocin, Sualocin, Σουαλοκίν
Subra, Subra, Subra, Subra, Subra, Subra, Σούμπρα
Suhail, Suhail, Suhail, Suhail, Suhail, Suhail, Σουχαΐλ
Sulafat, Sulafat, Sulafat, Sulafat, Sulafat, Sulafat, Σουλαφάτ
Syrma, Syrma, Syrma, Syrma, Syrma, Syrma, Σίρμα
Original, German, French, English, Italian, Spanish, Greek
Tabit, Tabit, Tabit, Tabit, Tabit, Tabit, Ταμπίτ
Taiyangshou, Taiyangshou, Taiyangshou, Taiyangshou, Taiyangshou, Taiyangshou, Ταϊγιάνγκσο
Taiyi, Taiyi, Taiyi, Taiyi, Taiyi, Taiyi, Τάιγι
Talitha, Talitha, Talitha, Talitha, Talitha, Talitha, Ταλίθα
Tania Australis, Tania Australis, Tania Australis, Tania Australis, Tania Australis, Tania Australis, Τανία Αυστραλίς
Tania Borealis, Tania Borealis, Tania Borealis, Tania Borealis, Tania Borealis, Tania Borealis, Τανία Βορέαλις
Tapecue, Tapecue, Tapecue, Tapecue, Tapecue, Tapecue, Ταπέκουε
Tarazed, Tarazed, Tarazed, Tarazed, Tarazed, Tarazed, Ταραζέντ
Tarf, Tarf, Tarf, Tarf, Tarf, Tarf, Ταρφ
Taygeta, Taygeta, Taygeta, Taygeta, Taygeta, Taygeta, Ταϊγκέτα
Tejat, Tejat, Tejat, Tejat, Tejat, Tejat, Τεζάτ
Terebellum, Terebellum, Terebellum, Terebellum, Terebellum, Terebellum, Τερέμπελουμ
Theemin, Theemin, Theemin, Theemin, Theemin, Theemin, Θεέμιν
Thuban, Thuban, Thuban, Thuban, Thuban, Thuban, Θούμπαν
Tiaki, Tiaki, Tiaki, Tiaki, Tiaki, Tiaki, Τιάκι
Tianguan, Tianguan, Tianguan, Tianguan, Tianguan, Tianguan, Τιανγκουάν
Tianyi, Tianyi, Tianyi, Tianyi, Tianyi, Tianyi, Τιάνι
Timir, Timir, Timir, Timir, Timir, Timir, Τίμιρ
Titawin, Titawin, Titawin, Titawin, Titawin, Titawin, Τιταουίν
Toliman, Toliman, Toliman, Toliman, Toliman, Toliman, Τόλιμαν
Tonatiuh, Tonatiuh, Tonatiuh, Tonatiuh, Tonatiuh, Tonatiuh, Τονατιού
Torcular, Torcular, Torcular, Torcular, Torcular, Torcular, Τόρκουλαρ
Tupa, Tupa, Tupa, Tupa, Tupa, Tupa, Τούπα
Tupi, Tupi, Tupi, Tupi, Tupi, Tupi, Τούπι
Tureis, Tureis, Tureis, Tureis, Tureis, Tureis, Τουρέις
Tyl, Tyl, Tyl, Tyl, Tyl, Tyl, Τυλ
Ukdah, Ukdah, Ukdah, Ukdah, Ukdah, Ukdah, Ούκντα
Uklun, Uklun, Uklun, Uklun, Uklun, Uklun, Ούκλουν
Unukalhai, Unukalhai, Unukalhai, Unukalhai, Unukalhai, Unukalhai, Ουνουκαλχάι
Unurgunite, Unurgunite, Unurgunite, Unurgunite, Unurgunite, Unurgunite, Ουνουργκουνίτ
Uruk, Uruk, Uruk, Uruk, Uruk, Uruk, Ουρούκ
Vega, Vega, Vega, Vega, Vega, Vega, Βήγα
Veritate, Veritate, Veritate, Veritate, Veritate, Veritate, Βεριτάτε
Vindemiatrix, Vindemiatrix, Vindemiatrix, Vindemiatrix, Vindemiatrix, Vindemiatrix, Βιντεμιατρίξ
Wasat, Wasat, Wasat, Wasat, Wasat, Wasat, Βασάτ
Wazn, Wazn, Wazn, Wazn, Wazn, Wazn, Βαζν
Welch's Red Variable, Welch's Red Variable, Welch's Red Variable, Welch's Red Variable, Welch's Red Variable, Welch's Red Variable, Ρεντ Βάριαμπλ του Γουελς
Wezen, Wezen, Wezen, Wezen, Wezen, Wezen, Βέζεν
Wurren, Wurren, Wurren, Wurren, Wurren, Wurren, Γουρέν
Xamidimura, Xamidimura, Xamidimura, Xamidimura, Xamidimura, Xamidimura, Ξαμιντίμουρα
Xihe, Xihe, Xihe, Xihe, Xihe, Xihe, Ξιχέ
Xuange, Xuange, Xuange, Xuange, Xuange, Xuange, Ξουάνγκε
Yed Posterior, Yed Posterior, Yed Posterior, Yed Posterior, Yed Posterior, Yed Posterior, Γιεντ Ποστήριορ
Yed Prior, Yed Prior, Yed Prior, Yed Prior, Yed Prior, Yed Prior, Γιεντ Πράιορ
Yildun, Yildun, Yildun, Yildun, Yildun, Yildun, Γιλντούν
Zaniah, Zaniah, Zaniah, Zaniah, Zaniah, Zaniah, Ζάνια
Zaurak, Zaurak, Zaurak, Zaurak, Zaurak, Zaurak, Ζαουράκ
Zavijava, Zavijava, Zavijava, Zavijava, Zavijava, Zavijava, Ζαβίτζαβα
Zhang, Zhang, Zhang, Zhang, Zhang, Zhang, Τζανγκ
Zibal, Zibal, Zibal, Zibal, Zibal, Zibal, Ζιμπάλ
Zosma, Zosma, Zosma, Zosma, Zosma, Zosma, Ζόσμα
Zubenelgenubi, Zubenelgenubi, Zubenelgenubi, Zubenelgenubi, Zubenelgenubi, Zubenelgenubi, Ζουμπενελγκενούμπι
Zubenelhakrabi, Zubenelhakrabi, Zubenelhakrabi, Zubenelhakrabi, Zubenelhakrabi, Zubenelhakrabi, Ζουμπενελχακραμπί
Zubeneschamali, Zubeneschamali, Zubeneschamali, Zubeneschamali, Zubeneschamali, Zubeneschamali, Ζουμπενεσαμάλι
